encounter_id,Patient_ID,race,gender,age,admission_type_id,discharge_disposition_id,admission_source_id,time_in_hospital,payer_code,medical_specialty,num_lab_procedures,num_procedures,num_medications,number_outpatient,number_emergency,number_inpatient,diag_1,diag_2,diag_3,number_diagnoses,A1Cresult,metformin,repaglinide,nateglinide,chlorpropamide,glimepiride,acetohexamide,glipizide,glyburide,tolbutamide,pioglitazone,rosiglitazone,acarbose,miglitol,troglitazone,tolazamide,examide,citoglipton,insulin,glyburide-metformin,glipizide-metformin,glimepiride-pioglitazone,metformin-rosiglitazone,metformin-pioglitazone,change,diabetesMed,readmitted,age_num,A1C_binary,readmit_flag,diag1_group,ICU_Length_of_Stay,Blood_Glucose,Creatinine,Hemoglobin,WBC,Heart_Rate,Blood_Pressure_Systolic,Blood_Pressure_Diastolic,SpO2,Respiratory_Rate,Temperature,Number_of_Lab_Tests,Number_of_Medications,icu_readmission,readmission_diabetes,no_icu_history,total_visits,high_utilizer,shock_index,low_spo2_flag,renal_risk_flag
110939484,19274094,Caucasian,Female,[70-80),1,1,6,11,UN,InternalMedicine,68,0,20,0,0,0,250.8,599,263,5,,No,No,No,No,No,No,No,No,No,No,No,No,No,No,No,No,No,Steady,No,No,No,No,No,No,Yes,NO,75,0,0,Other,18,101.5,3.0165485269332946,15.524016410481112,9.683703055532275,91.0,120.0,95.5,88,22.0,38.15255604119039,20,4,1,0,0,0,0,0.7583333333333333,1,1
170328306,65634327,Caucasian,Male,[50-60),1,1,1,1,HM,,20,0,7,0,0,0,780,427,E941,8,,Steady,No,No,No,No,No,No,No,No,No,No,No,No,No,No,No,No,No,No,No,No,No,No,No,Yes,NO,55,0,0,Other,8,158.0,0.7352600344679753,16.719122239674284,4.329141816042496,74.0,174.0,78.0,91,15.0,37.77959028547709,15,1,0,0,0,0,0,0.425287356321839,1,0
245688426,100657359,Caucasian,Female,[60-70),3,6,1,4,HM,,21,3,23,1,0,2,715,733,724,7,,Steady,No,No,No,No,No,No,No,No,No,No,No,No,No,No,No,No,No,No,No,No,No,No,No,Yes,NO,65,0,0,Other,13,145.0,1.07081986933477,11.859982451202562,7.322340615367694,114.0,143.0,61.0,98,17.0,36.80339218031858,10,4,0,0,0,3,1,0.7972027972027972,0,0
150826224,83144448,Caucasian,Male,[30-40),2,1,1,12,CP,Gastroenterology,28,0,19,0,0,1,494,277,117,7,,No,No,No,No,No,No,No,No,No,Steady,No,No,No,No,No,No,No,No,No,No,No,No,No,No,Yes,>30,35,0,0,Respiratory,14,136.0,1.1884364126626128,10.546429857646563,7.426002554168962,107.0,152.0,78.0,98,17.0,39.346157664986144,16,5,0,0,0,1,0,0.7039473684210527,0,0
135993852,65234214,AfricanAmerican,Female,[60-70),1,2,7,1,,,21,0,6,0,0,0,403,584,428,7,,No,No,No,No,No,No,Steady,No,No,No,No,No,No,No,No,No,No,No,No,No,No,No,No,No,Yes,<30,65,0,1,Circulatory,10,150.0,0.8142983301436545,10.981312958556048,9.976244743707127,101.0,97.0,106.0,89,20.0,36.49935405339708,12,2,0,1,0,0,0,1.041237113402062,1,0
26013480,18137880,Caucasian,Male,[80-90),3,1,1,7,,,42,2,27,0,0,0,162,250,,2,,Steady,No,No,No,No,No,No,No,No,No,Steady,No,No,No,No,No,No,No,No,No,No,No,No,Ch,Yes,NO,85,0,0,Cancer,12,196.5,2.061558281416551,14.776209023893438,10.653952862316538,86.0,150.0,62.5,90,13.5,38.41090813425737,32,10,1,0,0,0,0,0.5733333333333334,1,1
97343778,24157764,AfricanAmerican,Female,[70-80),1,1,7,6,,Nephrology,43,2,17,0,0,0,531,250.41,403,5,,No,No,No,No,No,No,Steady,No,No,No,No,No,No,No,No,No,No,No,No,No,No,No,No,No,Yes,NO,75,0,0,Digestive,20,190.0,2.8585138181474745,13.474695794347522,5.7753052282073725,109.5,129.0,98.5,91,18.0,37.5780838763303,30,5,0,0,0,0,0,0.8488372093023255,1,1
266753892,67887900,Caucasian,Female,[40-50),1,6,7,5,MC,,55,0,20,1,1,0,820,70,276,9,>8,No,No,No,No,No,No,No,No,No,No,No,No,No,No,No,No,No,Up,No,No,No,No,No,Ch,Yes,>30,45,1,0,Injury,3,194.0,1.270932856122664,11.210838246877485,4.128354340063917,103.0,153.0,66.0,97,12.0,39.282604712244016,10,2,1,0,0,2,0,0.673202614379085,0,0
167353710,24197877,Caucasian,Male,[80-90),1,3,7,5,MC,InternalMedicine,50,0,26,0,0,0,486,453,255,5,,No,No,No,No,Up,No,No,No,No,No,No,No,No,No,No,No,No,Up,No,No,No,No,No,Ch,Yes,<30,85,0,1,Respiratory,13,183.0,1.6432236398361793,13.85461764334385,8.46092652601919,105.0,177.0,87.0,91,23.0,39.41438940138606,15,2,0,1,0,0,0,0.5932203389830508,1,1
162658824,62732466,AfricanAmerican,Female,[60-70),1,6,7,7,,,61,0,6,0,0,1,250.8,414,294,5,Norm,No,No,No,No,No,No,No,No,No,No,No,No,No,No,No,No,No,No,No,No,No,No,No,No,No,>30,65,0,0,Other,10,87.0,0.6810181084190706,14.127084724955424,4.881406842924897,74.0,141.0,116.0,98,15.0,39.91130055842946,5,1,0,0,0,1,0,0.524822695035461,0,0
130120446,107886231,Caucasian,Female,[70-80),2,3,7,4,SP,Emergency/Trauma,1,0,12,0,0,0,812,491,428,9,,No,No,No,No,No,No,Steady,No,No,No,No,No,No,No,No,No,No,Steady,No,No,No,No,No,Ch,Yes,<30,75,0,1,Injury,6,147.0,1.6632528569267333,13.991301029448088,7.461024498476848,83.0,162.0,112.0,89,18.0,39.06625225042461,12,5,0,1,0,0,0,0.5123456790123457,1,1
164475138,52078626,Caucasian,Male,[50-60),1,1,7,7,MD,,51,5,24,0,0,0,410,428,427,7,,No,No,No,No,No,No,No,No,No,No,No,No,No,No,No,No,No,Steady,No,No,No,No,No,No,Yes,>30,55,0,0,Circulatory,11,139.0,2.85304494561252,16.101683420839915,8.586539120491167,65.0,156.0,100.0,93,17.0,37.02092012619793,8,2,0,0,0,0,0,0.4166666666666667,0,1
25726860,62446698,,Male,[50-60),6,1,1,3,,Cardiology,63,4,17,0,0,0,414,250,272,4,,No,No,No,No,No,No,No,No,No,No,No,No,No,No,No,No,No,Steady,No,No,No,No,No,No,Yes,>30,55,0,0,Circulatory,17,109.5,2.5239258310002577,14.118438551048891,10.36932411548842,116.0,118.5,88.0,86,20.0,36.85240897154665,37,9,0,0,0,0,0,0.978902953586498,1,1
109628532,99060300,Caucasian,Female,[50-60),1,1,7,5,,Neurology,70,2,14,0,1,2,780,250.6,536,9,>7,No,No,No,No,No,No,Steady,No,No,No,No,No,No,No,No,No,No,No,No,No,No,No,No,No,Yes,<30,55,1,1,Other,18,177.0,3.242291006798004,12.10383796947283,9.92676913645339,96.0,120.5,90.0,90,14.0,38.282071513262,27,8,1,1,0,3,1,0.7966804979253111,1,1
152588748,41814369,Caucasian,Male,[70-80),3,1,1,1,MC,Cardiology,32,4,4,0,0,1,414,443,250,4,,No,No,No,No,No,No,No,No,No,No,No,No,No,No,No,No,No,No,No,No,No,No,No,No,No,>30,75,0,0,Circulatory,3,87.0,1.749341835052216,13.734086898984051,6.980099539511774,100.0,164.0,64.0,88,22.0,39.56244301917548,12,1,0,0,0,1,0,0.6097560975609756,1,1
87728490,35271,Caucasian,Female,[50-60),1,6,7,4,,,40,0,28,0,0,1,682,112,611,9,>8,Steady,No,No,No,No,No,No,Steady,No,No,Steady,No,No,No,No,No,No,Up,No,No,No,No,No,Ch,Yes,NO,55,1,0,Other,14,177.5,3.419294462266923,11.453487312908006,9.462865502013512,93.5,119.0,73.5,90,17.0,37.316776679416094,20,5,0,0,0,1,0,0.7857142857142857,1,1
165610614,78757002,Caucasian,Male,[70-80),2,22,7,6,,InternalMedicine,45,1,16,3,0,0,438,155,707,9,,No,No,No,No,No,No,No,No,No,No,No,No,No,No,No,No,No,No,No,No,No,No,No,No,No,NO,75,0,0,Circulatory,4,103.0,2.3362343587309624,15.447483572839232,11.378151112549745,82.0,93.0,95.0,95,19.0,38.66246520214828,8,5,0,0,0,3,1,0.8817204301075269,0,1
152509218,38098881,Caucasian,Male,[70-80),1,1,7,2,CM,,1,3,6,0,0,0,786,202,401,8,,No,No,No,No,No,No,No,No,No,No,No,No,No,No,No,No,No,No,No,No,No,No,No,No,No,NO,75,0,0,Respiratory,7,128.0,2.373126842367165,16.340819146941826,10.513174346322677,64.0,142.0,113.0,95,12.0,39.36033129754764,16,5,0,0,0,0,0,0.4507042253521127,0,1
143361816,112816980,AfricanAmerican,Female,[70-80),2,2,1,8,,PhysicalMedicineandRehabilitation,33,1,18,0,0,1,V57,428,276,9,,No,No,No,No,No,No,No,No,No,No,No,No,No,No,No,No,No,Steady,No,No,No,No,No,No,Yes,<30,75,0,1,Unknown,13,170.0,2.703120644555165,10.427802692830564,6.745285139769306,83.0,169.0,109.0,85,17.0,39.08628518478212,12,4,0,1,0,1,0,0.4911242603550296,1,1
147023478,25148250,AfricanAmerican,Male,[70-80),3,1,1,2,,Surgery-Vascular,29,1,25,0,0,0,440,401,250,4,,No,No,No,No,No,No,No,No,No,Down,No,No,No,No,No,No,No,Steady,No,No,No,No,No,Ch,Yes,>30,75,0,0,Circulatory,6,196.0,3.4995186149424766,10.312057495632091,4.434669723611152,96.0,97.0,74.0,94,22.0,39.13047696422624,9,3,0,0,0,0,0,0.9896907216494846,0,1
122466252,23199021,AfricanAmerican,Male,[50-60),3,1,1,2,BC,InternalMedicine,42,0,9,0,1,8,577,276,250.6,9,,No,No,No,No,No,No,No,No,No,No,No,No,No,No,No,No,No,No,No,No,No,No,No,No,No,>30,55,0,0,Digestive,18,169.5,3.25890203605246,14.748449090361824,6.166806267320569,75.5,103.5,101.0,92,19.5,38.5587172914078,26,7,0,0,0,9,1,0.7294685990338164,0,1
122347740,90246177,Caucasian,Female,[70-80),2,1,7,2,MC,Emergency/Trauma,1,0,7,0,0,0,786,553,401,8,,No,No,No,No,Steady,No,No,No,No,No,No,No,No,No,No,No,No,No,No,No,No,No,No,No,Yes,>30,75,0,0,Respiratory,9,160.0,2.434221630214095,15.575727430130032,4.968119987421785,69.0,129.0,97.0,88,20.0,39.9481321455452,8,4,0,0,0,0,0,0.5348837209302325,1,1
16090080,455436,Caucasian,Male,[60-70),2,1,1,3,,Cardiology,49,5,14,0,0,0,414,401,414,7,,No,No,No,No,No,No,Steady,No,No,No,No,No,No,No,No,No,No,Steady,No,No,No,No,No,Ch,Yes,>30,65,0,0,Circulatory,18,148.0,2.247161848183106,14.358616947299534,8.32540525554569,111.0,162.5,105.0,94,19.0,38.631733158714326,23,5,0,0,0,0,0,0.683076923076923,0,1
403231490,94747725,Caucasian,Female,[70-80),1,1,7,3,MC,,56,0,7,1,0,0,560,250,244,8,,No,No,No,No,No,No,No,No,No,No,No,No,No,No,No,No,No,Steady,No,No,No,No,No,No,Yes,NO,75,0,0,Digestive,8,179.0,0.5387416384082817,16.17213949861917,5.200416797251425,91.0,171.0,87.0,98,15.0,37.20134735694508,10,2,0,0,0,1,0,0.5321637426900585,0,0
148771104,97577100,Caucasian,Male,[70-80),1,1,7,3,MC,,61,1,15,0,1,0,574,428,427,9,,No,No,No,No,No,No,No,No,No,No,No,No,No,No,No,No,No,No,No,No,No,No,No,No,No,>30,75,0,0,Digestive,7,173.0,2.677139965330486,10.84299763846665,9.2899205540874,110.0,92.0,117.0,91,20.0,37.55013256818651,5,5,0,0,0,1,0,1.1956521739130437,1,1
99564156,18038538,,Female,[80-90),1,1,6,3,MC,InternalMedicine,45,0,7,0,0,0,435,707,250,5,>7,No,No,No,No,No,No,No,No,No,No,No,No,No,No,No,No,No,Steady,No,No,No,No,No,No,Yes,NO,85,1,0,Circulatory,19,135.5,1.5905815530572078,13.41108030558036,8.059150552847996,85.0,160.5,86.0,87,20.5,37.01088574391209,25,6,1,0,0,0,0,0.5295950155763239,1,1
91106700,24412527,Caucasian,Female,[70-80),5,3,17,3,MC,Orthopedics-Reconstructive,9,1,15,0,0,0,824,250.01,E888,8,,Steady,No,No,No,No,No,No,No,No,No,No,No,No,No,No,No,No,Up,No,No,No,No,No,Ch,Yes,NO,75,0,0,Injury,15,136.5,3.212003692212369,13.735464710460036,7.497040758297325,84.0,133.0,112.0,94,15.5,37.762022904248894,23,6,1,0,0,0,0,0.631578947368421,0,1
108285660,57738654,Caucasian,Female,[80-90),6,3,17,4,,InternalMedicine,65,2,14,2,1,2,920,293,331,9,Norm,No,No,No,No,No,No,No,No,No,No,No,No,No,No,No,No,No,No,No,No,No,No,No,No,No,>30,85,0,0,Injury,15,119.5,2.329648350189191,12.681415102327438,10.73668839654118,90.5,153.5,91.5,97,17.5,37.695659888515685,20,10,1,0,0,5,1,0.5895765472312704,0,1
24142008,3490632,AfricanAmerican,Male,[40-50),2,6,4,9,,,39,3,23,0,0,0,424,428,425,9,,No,No,No,No,No,No,No,No,No,No,No,No,No,No,No,No,No,Steady,No,No,No,No,No,No,Yes,NO,45,0,0,Circulatory,22,141.5,2.964555340225537,14.762144661587197,5.836838139810179,77.0,118.5,99.5,87,17.5,36.846952738514574,23,5,0,0,0,0,0,0.6497890295358649,1,1
25182054,2681865,AfricanAmerican,Female,[40-50),1,1,7,2,,Otolaryngology,31,0,10,0,0,0,527,250,401,3,,No,No,No,No,No,No,Steady,No,No,No,No,No,No,No,No,No,No,No,No,No,No,No,No,No,Yes,NO,45,0,0,Digestive,14,145.5,2.4404697251947503,16.63931515201473,6.016715326644898,83.0,119.0,89.5,87,20.0,37.151310968029335,26,8,1,0,0,0,0,0.6974789915966386,1,1
411366938,38515230,Caucasian,Male,[70-80),1,6,7,9,BC,,91,1,21,0,0,0,584,428,599,9,>7,No,No,No,No,No,No,No,No,No,No,No,No,No,No,No,No,No,Up,No,No,No,No,No,Ch,Yes,>30,75,1,0,Other,11,85.0,1.132076206098772,15.687653581850356,5.5368493957522205,102.0,128.0,75.0,97,23.0,37.33214146106282,15,2,1,0,0,0,0,0.796875,0,0
230589036,67437909,AfricanAmerican,Female,[30-40),2,1,1,3,BC,,38,2,6,0,0,0,278,V85,401,8,>7,No,No,No,No,No,No,No,No,No,Steady,No,No,No,No,No,No,No,No,No,No,No,No,No,No,Yes,NO,35,1,0,Other,12,162.0,3.4384398785576265,12.008116764854629,11.63883760956336,110.0,144.0,75.0,93,12.0,38.32272956284,9,4,0,0,0,0,0,0.7638888888888888,0,1
37852254,685773,Caucasian,Male,[90-100),1,18,7,11,,Family/GeneralPractice,42,1,7,0,0,0,293,682,707,9,,No,No,No,No,No,No,No,Down,No,No,No,No,No,No,No,No,No,No,No,No,No,No,No,Ch,Yes,NO,95,0,0,Other,18,104.0,1.0289452927810585,13.914851581539448,10.798713720664022,100.5,163.0,112.5,88,15.0,38.06315182854672,25,7,1,0,0,0,0,0.6165644171779141,1,0
135355074,41581485,Caucasian,Female,[70-80),1,4,7,11,MC,,41,2,11,0,0,0,491,276,410,9,,No,No,No,No,No,No,No,No,No,No,No,No,No,No,No,No,No,Steady,No,No,No,No,No,No,Yes,NO,75,0,0,Respiratory,7,108.0,0.5887846482816673,15.178039374992837,6.510263465776063,80.0,93.0,116.0,85,18.0,36.541625403117685,19,3,1,0,0,0,0,0.8602150537634409,1,0
27422436,1401552,Caucasian,Male,[80-90),6,6,17,5,,Orthopedics-Reconstructive,59,2,24,0,0,0,733,285,250,4,,Steady,No,No,No,No,No,No,No,No,No,No,No,No,No,No,No,No,No,No,No,No,No,No,No,Yes,>30,85,0,0,Other,22,112.5,1.221804161966811,12.859001734099358,6.803369795705848,79.0,168.0,107.0,91,18.0,39.34802810002115,36,6,1,0,0,0,0,0.4702380952380952,1,0
261620766,45095472,Hispanic,Male,[60-70),1,1,7,3,MC,Emergency/Trauma,28,6,6,0,0,0,410,414,V15,4,,Steady,No,No,No,No,No,No,No,No,No,No,No,No,No,No,No,No,No,No,No,No,No,No,No,Yes,NO,65,0,0,Circulatory,10,149.0,2.155142493808984,14.016202419593258,9.101646797489046,84.0,135.0,85.0,93,18.0,39.8720583512115,13,2,0,0,0,0,0,0.6222222222222222,0,1
157870386,61152318,Caucasian,Female,[60-70),1,22,7,10,,,49,1,22,2,0,0,860,850,807,9,,No,No,No,No,No,No,No,No,No,No,No,No,No,No,No,No,No,No,No,No,No,No,No,No,No,<30,65,0,1,Injury,13,179.0,1.7235848895682349,15.840757034278,5.157948771647945,112.0,98.0,100.0,90,18.0,36.7086116154233,14,1,0,1,0,2,0,1.1428571428571428,1,1
429658940,160100087,Caucasian,Female,[80-90),1,6,7,4,MC,,43,0,19,0,0,0,428,584,518,9,,No,No,No,No,No,No,No,Steady,No,No,No,No,No,No,No,No,No,Down,No,No,No,No,No,Ch,Yes,>30,85,0,0,Circulatory,13,165.0,3.2416996840200394,14.915674599070956,11.670066311791736,92.0,95.0,62.0,89,17.0,39.36907478600544,16,5,1,0,0,0,0,0.968421052631579,1,1
58674300,55965420,Caucasian,Male,[50-60),3,1,1,8,,,71,1,32,0,0,2,715,788,781,6,,No,No,No,No,No,No,Steady,No,No,Steady,No,No,No,No,No,No,No,Steady,No,No,No,No,No,Ch,Yes,>30,55,0,0,Other,7,136.0,3.1708557424442247,12.778136792620888,8.854449541176193,107.5,139.0,85.0,85,20.5,37.8666557627929,18,7,1,0,0,2,0,0.7733812949640287,1,1
80727024,89247240,Caucasian,Female,[80-90),2,3,7,3,,Surgery-General,59,4,23,0,0,0,823,E884,401,8,,No,No,No,No,No,No,No,Steady,No,No,No,No,No,No,No,No,No,Steady,No,No,No,No,No,Ch,Yes,NO,85,0,0,Injury,27,144.0,3.461848020390909,12.71258863928525,6.282638949431672,101.5,147.5,99.5,87,17.5,39.23227273333226,13,7,1,0,0,0,0,0.688135593220339,1,1
124182372,43413705,Caucasian,Female,[40-50),1,1,7,4,SP,,55,0,14,0,0,0,276,722,250.6,5,,No,No,No,No,No,No,No,No,No,No,No,No,No,No,No,No,No,Down,No,No,No,No,No,Ch,Yes,>30,45,0,0,Other,14,123.0,1.3030654758843023,11.518183268876038,9.626522192223897,77.0,126.0,75.0,86,12.0,36.43056921070374,5,2,1,0,0,0,0,0.6111111111111112,1,1
67199526,1161675,Caucasian,Male,[50-60),1,1,7,3,,InternalMedicine,58,0,18,0,0,1,682,428,274,9,,No,No,No,No,Steady,No,No,No,No,Steady,No,No,No,No,No,No,No,Steady,No,No,No,No,No,Ch,Yes,NO,55,0,0,Other,13,169.5,2.8369928978791306,14.22991782195228,4.93142086846537,105.0,132.5,96.0,95,20.0,37.57529696461881,13,4,1,0,0,1,0,0.7924528301886793,0,1
163978050,108356661,Caucasian,Female,[80-90),1,3,7,4,MC,,40,0,16,0,0,1,786,346,437,9,>7,No,No,No,No,No,No,No,No,No,No,No,No,No,No,No,No,No,Steady,No,No,No,No,No,No,Yes,>30,85,1,0,Respiratory,9,110.0,2.6198871445503555,16.46516541284555,9.8077351833223,116.0,158.0,106.0,98,17.0,39.00883578305037,10,1,0,0,0,1,0,0.7341772151898734,0,1
29484972,23420061,Caucasian,Male,[90-100),5,6,17,4,,Family/GeneralPractice,25,0,14,1,0,0,486,491,276,7,,No,No,No,No,No,No,No,No,No,No,No,No,No,No,No,No,No,Steady,No,No,No,No,No,No,Yes,>30,95,0,0,Respiratory,22,143.0,1.5046902709683776,11.916360071830658,8.443357566667391,73.5,131.5,101.0,87,15.0,38.62348008880228,33,5,0,0,0,1,0,0.55893536121673,1,1
96581502,93180798,Hispanic,Male,[60-70),2,1,1,2,,Family/GeneralPractice,37,0,7,0,0,0,601,599,578,8,,No,No,No,No,No,No,Steady,No,No,No,No,No,No,No,No,No,No,No,No,No,No,No,No,No,Yes,NO,65,0,0,Other,16,84.0,2.6305678943128066,12.699082703800364,9.085268799624249,72.5,134.5,82.0,88,20.5,36.58207741286756,20,5,0,0,0,0,0,0.5390334572490706,1,1
340190576,91249785,Hispanic,Male,[60-70),1,3,1,9,MC,,56,6,27,2,0,1,440,599,440,9,,No,No,No,No,No,No,No,No,No,No,No,No,No,No,No,No,No,Steady,No,No,No,No,No,No,Yes,>30,65,0,0,Circulatory,11,101.0,0.6195880166037292,11.610980394026528,9.145410039895946,74.0,120.0,71.0,95,12.0,39.40575607564078,12,4,0,0,0,3,1,0.6166666666666667,0,0
29909268,6864345,Caucasian,Female,[40-50),1,2,7,2,,Psychiatry,43,0,10,0,0,0,311,305,412,9,,No,No,No,No,No,No,No,No,No,No,No,No,No,No,No,No,No,No,No,No,No,No,No,No,No,<30,45,0,1,Other,15,101.5,2.080085325634548,13.73381230333229,8.002290450623345,117.0,125.0,107.5,96,16.5,37.44170289236607,21,10,1,1,0,0,0,0.936,0,1
183802668,103203405,Caucasian,Female,[50-60),3,1,1,1,HM,,20,1,7,0,0,0,241,250,401,3,,No,No,No,No,No,No,No,No,No,No,Steady,No,No,No,No,No,No,No,No,No,No,No,No,No,Yes,NO,55,0,0,Other,14,175.0,0.6064824972432896,13.483511271386162,11.969746751426204,106.0,149.0,88.0,87,23.0,39.17388976387457,11,2,0,0,0,0,0,0.7114093959731543,1,0
275128416,36531909,AfricanAmerican,Female,[80-90),2,1,1,1,CM,,37,0,2,0,0,0,276,428,276,6,,No,No,No,No,No,No,No,No,No,No,No,No,No,No,No,No,No,Steady,No,No,No,No,No,No,Yes,NO,85,0,0,Other,9,157.0,0.9113254612084888,14.783430902603053,9.488381389652451,84.0,95.0,79.0,95,12.0,38.629200387071954,18,2,0,0,0,0,0,0.8842105263157894,0,0
128793564,101258865,Caucasian,Male,[70-80),3,1,1,4,,,58,6,23,0,0,1,414,411,428,9,,No,No,No,No,No,No,No,No,No,No,No,No,No,No,No,No,No,Up,No,No,No,No,No,Ch,Yes,>30,75,0,0,Circulatory,10,134.0,3.1503370368232284,14.437186858763097,7.62205763876589,85.0,109.0,71.0,91,13.0,36.53456172057852,6,4,0,0,0,1,0,0.7798165137614679,1,1
112314882,15716556,,Male,[70-80),1,1,6,1,HM,,44,0,9,0,0,0,435,250,401,5,,Steady,No,No,No,No,No,No,Down,No,Steady,No,No,No,No,No,No,No,No,No,No,No,No,No,Ch,Yes,NO,75,0,0,Circulatory,12,138.5,3.001881816018076,11.38472072344572,9.492804906971518,74.5,108.0,88.0,87,22.0,37.46501206451522,24,5,1,0,0,0,0,0.6898148148148148,1,1
131494548,94359078,Caucasian,Male,[80-90),2,3,7,5,MC,Emergency/Trauma,1,0,12,0,1,1,486,426,414,9,,No,No,No,No,No,No,No,No,No,No,No,No,No,No,No,No,No,Up,No,No,No,No,No,Ch,Yes,>30,85,0,0,Respiratory,8,77.0,1.075886162664554,13.456794574834031,6.726945903892425,90.0,101.0,67.0,98,23.0,38.321502335013626,16,3,1,0,0,2,0,0.8910891089108911,0,0
174277236,38539593,AfricanAmerican,Female,[60-70),2,1,7,7,SP,Emergency/Trauma,1,6,11,0,2,2,458,780,250.6,9,,Steady,No,No,No,No,No,No,No,No,No,Steady,No,No,No,No,No,No,No,No,No,No,No,No,Ch,Yes,>30,65,0,0,Circulatory,7,145.0,0.6158799144002028,16.54968532723808,11.90081681190822,72.0,121.0,94.0,99,17.0,36.55949941684156,14,3,1,0,0,4,1,0.5950413223140496,0,0
125422974,22943799,AfricanAmerican,Male,[60-70),1,1,7,8,MC,,43,1,16,0,0,1,250.22,403,486,8,,No,No,No,No,No,No,No,No,No,No,No,No,No,No,No,No,No,Up,No,No,No,No,No,Ch,Yes,>30,65,0,0,Other,13,193.0,0.8689731019117113,15.927205199972285,6.241418046933294,114.0,141.0,98.0,85,12.0,36.349681282838745,15,1,0,0,0,1,0,0.8085106382978723,1,0
98484390,14489883,AfricanAmerican,Male,[70-80),2,1,9,3,UN,InternalMedicine,52,0,7,0,0,0,250.22,780,276,5,>8,Steady,No,No,No,No,No,No,No,No,No,Steady,No,No,No,No,No,No,Steady,No,No,No,No,No,Ch,Yes,NO,75,1,0,Other,19,125.0,2.514502557984881,14.518048347609303,8.269922089889096,82.0,119.0,78.5,86,22.0,39.57508019262826,22,5,0,0,0,0,0,0.6890756302521008,1,1
109182012,24751674,Caucasian,Female,[70-80),1,1,7,4,MC,Orthopedics-Reconstructive,38,1,33,0,0,0,812,402,428,9,,No,No,No,No,No,No,No,No,No,No,No,No,No,No,No,No,No,No,No,No,No,No,No,No,No,NO,75,0,0,Injury,7,124.5,1.3234034865448154,15.475184428970378,7.863260816199713,89.0,122.0,76.5,86,20.5,38.81610155755671,29,8,1,0,0,0,0,0.7295081967213115,1,1
298938452,61557903,Caucasian,Male,[80-90),6,2,7,3,,InternalMedicine,69,0,16,0,0,0,805,E880,410,6,,Steady,No,No,No,No,No,No,No,No,No,No,No,No,No,No,No,No,No,No,No,No,No,No,No,Yes,NO,85,0,0,Injury,4,99.0,0.5210075184393878,16.0108780838843,4.833880309548299,118.0,143.0,83.0,94,23.0,39.39474195710878,7,3,0,0,0,0,0,0.8251748251748252,0,0
215643486,86033223,Caucasian,Female,[20-30),1,1,7,2,CP,,41,0,4,1,0,1,577,276,250,5,>8,No,No,No,No,No,No,No,No,No,No,No,No,No,No,No,No,No,No,No,No,No,No,No,No,No,>30,25,1,0,Digestive,5,101.0,1.852566964250819,14.952677513158823,5.612435574376575,110.0,134.0,115.0,96,20.0,36.724177974398415,10,4,0,0,0,2,0,0.8208955223880597,0,1
156803070,94355532,Caucasian,Female,[70-80),3,22,2,3,SP,Orthopedics,27,2,20,0,0,0,715,424,401,6,,No,No,No,No,No,No,No,No,No,No,Steady,No,No,No,No,No,No,No,No,No,No,No,No,No,Yes,NO,75,0,0,Other,14,183.0,1.2797663078603052,12.527861410381664,6.181311206392236,85.0,128.0,101.0,86,19.0,38.56661712374319,17,4,0,0,0,0,0,0.6640625,1,0
214498920,82240389,Caucasian,Female,[80-90),1,3,7,6,MC,InternalMedicine,71,0,15,0,0,2,428,599,446,9,>7,Steady,No,No,No,No,No,No,No,No,No,No,No,No,No,No,No,No,No,No,No,No,No,No,No,Yes,NO,85,1,0,Circulatory,6,113.0,2.122516733590455,12.961530731236971,9.35045005245666,114.0,150.0,63.0,97,18.0,39.96267601900433,18,1,0,0,0,2,0,0.76,0,1
82675992,114469578,Caucasian,Female,[70-80),6,1,4,5,,Pulmonology,1,2,9,0,0,1,V54,250.02,998,3,,Steady,No,No,No,No,No,No,Steady,No,No,No,No,No,No,No,No,No,Up,No,No,No,No,No,Ch,Yes,NO,75,0,0,Unknown,25,170.0,1.5384043428765306,15.141360392386844,8.103100528474627,102.0,156.5,76.5,86,16.0,36.36858663940738,35,4,0,0,0,1,0,0.6517571884984026,1,1
239899230,86870088,AfricanAmerican,Female,[50-60),1,1,7,3,HM,,26,1,30,4,0,4,486,428,250.6,9,,Down,No,No,No,No,No,No,No,No,No,No,No,No,No,No,No,No,Down,No,No,No,No,No,Ch,Yes,>30,55,0,0,Respiratory,5,182.0,1.0751919289439464,11.58769682662485,8.584178874975155,90.0,163.0,80.0,86,17.0,38.54020686967489,18,2,0,0,0,8,1,0.5521472392638037,1,0
408433460,78111063,Caucasian,Female,[50-60),1,1,7,3,,InternalMedicine,55,2,16,2,1,2,552,V85,401,9,,No,No,No,No,No,No,No,No,No,No,No,No,No,No,No,No,No,Down,No,No,No,No,No,Ch,Yes,NO,55,0,0,Digestive,11,144.0,3.118872785439625,15.281036044914991,10.464010675959182,61.0,179.0,113.0,94,14.0,39.47324640349728,16,1,1,0,0,5,1,0.3407821229050279,0,1
106199028,24325227,Caucasian,Male,[80-90),5,11,17,13,MC,,19,6,34,0,1,0,518,507,584,9,,No,No,No,No,No,No,No,No,No,No,No,No,No,No,No,No,No,Down,No,No,No,No,No,Ch,Yes,NO,85,0,0,Respiratory,14,165.5,1.883297244188332,13.52820324762904,10.641269279615134,77.5,164.5,99.0,88,17.0,37.62116985919784,12,7,1,0,0,1,0,0.4711246200607902,1,1
14165220,3434535,Caucasian,Male,[80-90),2,1,1,1,,Urology,33,1,8,0,0,0,188,250,414,4,,No,No,No,No,No,No,No,No,No,No,No,No,No,No,No,No,No,No,No,No,No,No,No,No,No,NO,85,0,0,Cancer,22,136.0,1.1590763352843685,12.028988378110302,7.695663590201729,73.5,136.5,72.5,93,20.0,39.1088113481003,21,7,0,0,0,0,0,0.5384615384615384,0,0
54392688,2052864,Caucasian,Male,[80-90),1,18,7,2,,,55,0,10,0,0,1,79,414,V45,9,,No,No,No,No,No,No,No,Steady,No,No,No,No,No,No,No,No,No,No,No,No,No,No,No,No,Yes,NO,85,0,0,Other,17,145.0,1.6493156135646772,11.686023428175275,7.8380583615202735,106.5,160.5,87.5,88,15.5,38.21081457372203,30,3,0,0,0,1,0,0.6635514018691588,1,1
338407856,87276870,Caucasian,Female,[80-90),1,3,7,8,MC,,49,2,25,0,0,0,486,276,491,9,,No,No,No,No,No,No,No,No,No,No,No,No,No,No,No,No,No,Steady,No,No,No,No,No,No,Yes,>30,85,0,0,Respiratory,11,82.0,3.121198608354858,10.816455697761487,11.077104593990803,61.0,147.0,102.0,93,23.0,36.87652049200614,9,5,0,0,0,0,0,0.4149659863945578,0,1
120163410,81854478,Caucasian,Male,[70-80),1,1,7,3,MC,,43,0,10,0,0,0,458,428,427,7,,No,No,No,No,No,No,No,Steady,No,No,No,No,No,No,No,No,No,No,No,No,No,No,No,No,Yes,>30,75,0,0,Circulatory,8,140.0,3.370132957693807,15.158592664179702,10.32021773737365,82.0,144.0,110.0,95,16.0,38.55001254413052,12,3,0,0,0,0,0,0.5694444444444444,0,1
214277418,41374926,Caucasian,Male,[60-70),1,1,7,3,MC,,26,0,16,0,0,0,491,V46,250,9,,No,No,No,No,No,No,No,No,No,No,No,No,No,No,No,No,No,Steady,No,No,No,No,No,No,Yes,>30,65,0,0,Respiratory,12,168.0,1.8152251225247629,13.402704960054251,9.898254799849823,105.0,112.0,91.0,93,19.0,36.15553551097962,13,3,0,0,0,0,0,0.9375,0,1
51604746,61332030,Caucasian,Male,[70-80),1,1,7,5,,,65,4,22,0,0,1,410,428,401,8,,No,No,No,No,Down,No,No,No,No,No,No,No,No,No,No,No,No,Steady,No,No,No,No,No,Ch,Yes,>30,75,0,0,Circulatory,20,151.5,3.191065943089902,13.892744629263095,10.053260742032576,89.5,122.0,95.0,86,12.0,37.31710455405397,10,4,0,0,0,1,0,0.7336065573770492,1,1
142231554,89473653,AfricanAmerican,Female,[40-50),2,1,7,3,SP,Emergency/Trauma,31,0,5,0,0,0,9,250,401,4,,No,No,No,No,No,No,No,No,No,No,Steady,No,No,No,No,No,No,Down,No,No,No,No,No,Ch,Yes,>30,45,0,0,Other,13,174.0,2.884238226362216,13.855510553923049,10.170266981477727,87.0,121.0,119.0,99,22.0,39.76100810869599,14,1,0,0,0,0,0,0.71900826446281,0,1
149840952,87932628,Caucasian,Male,[70-80),5,6,1,1,MC,,30,0,7,0,0,0,511,427,414,5,,No,No,No,No,No,No,No,No,No,No,Steady,No,No,No,No,No,No,No,No,No,No,No,No,No,Yes,>30,75,0,0,Respiratory,10,132.0,3.26939578588789,15.881000369783674,9.038946488626566,97.0,98.0,103.0,88,18.0,38.43626940843348,10,2,1,0,0,0,0,0.9897959183673468,1,1
175344672,89575344,AfricanAmerican,Male,[60-70),1,1,7,1,MC,,42,0,10,0,0,0,453,V42,707,7,,No,No,No,No,No,No,No,No,No,Steady,No,No,No,No,No,No,No,No,No,No,No,No,No,No,Yes,<30,65,0,1,Circulatory,7,196.0,2.939898114642796,13.24550945039072,11.730232465130564,67.0,134.0,108.0,90,17.0,38.73132253367835,12,3,0,1,0,0,0,0.5,1,1
298496150,63956286,Caucasian,Female,[50-60),1,2,7,1,,,55,0,6,1,0,0,198,780,786,8,,No,No,No,No,No,No,No,No,No,No,No,No,No,No,No,No,No,No,No,No,No,No,No,No,No,NO,55,0,0,Cancer,14,154.0,1.385109326936146,10.301619369734398,4.202454408250751,107.0,115.0,117.0,85,13.0,37.02373079133499,17,2,0,0,0,1,0,0.9304347826086956,1,1
199218630,84651822,Caucasian,Male,[60-70),1,1,7,6,HM,,48,0,19,1,0,1,493,518,401,8,,No,No,No,No,No,No,No,No,No,No,No,No,No,No,No,No,No,No,No,No,No,No,No,No,No,>30,65,0,0,Respiratory,9,197.0,1.4907462874504986,15.91858421933697,4.958500440094663,83.0,106.0,66.0,93,22.0,38.804126158785785,16,4,0,0,0,2,0,0.7830188679245284,0,1
7609632,4768929,,Male,[70-80),2,1,1,6,,Cardiology,70,3,16,0,0,0,514,428,425,8,>8,No,No,No,No,No,No,No,No,No,No,No,No,No,No,No,No,No,Up,No,No,No,No,No,Ch,Yes,NO,75,1,0,Respiratory,20,100.5,2.8646680762028938,14.568255627293562,8.752761310267113,92.5,163.5,98.5,88,19.5,38.73457352494984,33,6,1,0,0,0,0,0.5657492354740061,1,1
55521336,18980136,Caucasian,Female,[80-90),1,3,7,6,,Emergency/Trauma,63,0,16,0,0,0,486,250.01,496,9,>8,No,No,No,No,No,No,No,No,No,Steady,No,No,No,No,No,No,No,Steady,No,No,No,No,No,Ch,Yes,NO,85,1,0,Respiratory,17,96.5,2.6217404284138617,13.850497879489684,9.330829124624344,96.0,122.5,87.0,91,18.5,37.62478741250386,24,4,1,0,0,0,0,0.7836734693877551,1,1
157061310,43521831,Caucasian,Male,[60-70),3,1,1,1,MC,Family/GeneralPractice,3,0,7,0,0,0,786,401,250,6,,No,No,No,No,Steady,No,No,No,No,No,No,No,No,No,No,No,No,No,No,No,No,No,No,No,Yes,NO,65,0,0,Respiratory,3,172.0,3.0028422743312664,11.37423264584,9.081727506683093,106.0,123.0,68.0,94,19.0,37.292446264366966,14,1,1,0,0,0,0,0.8617886178861789,0,1
107273574,18928755,Caucasian,Female,[80-90),2,1,1,1,MC,Surgery-General,16,5,9,0,0,0,414,401,250,4,,No,No,No,No,No,No,No,No,No,No,No,No,No,No,No,No,No,Steady,No,No,No,No,No,No,Yes,NO,85,0,0,Circulatory,18,123.5,2.8314424321889646,15.06420111903314,8.313919996518017,93.5,149.0,96.5,89,19.0,38.49215156497503,14,8,0,0,0,0,0,0.62751677852349,1,1
158335068,25280829,AfricanAmerican,Female,[80-90),2,1,4,1,MC,Cardiology,28,6,13,0,0,0,414,411,427,5,,No,No,No,No,No,No,No,No,No,No,No,No,No,No,No,No,No,No,No,No,No,No,No,No,No,NO,85,0,0,Circulatory,14,173.0,0.7543707244959706,11.370856487630286,10.888722597086227,69.0,112.0,76.0,96,22.0,37.05239190137296,16,1,0,0,0,0,0,0.6160714285714286,0,0
275110620,45336807,Asian,Male,[40-50),2,1,7,5,UN,Emergency/Trauma,61,0,7,0,0,0,79,287,780,4,>8,Steady,No,No,No,No,No,No,Steady,No,No,No,No,No,No,No,No,No,No,No,No,No,No,No,Ch,Yes,NO,45,1,0,Other,12,82.0,2.3403958049446265,11.05020330416693,9.716299408485613,87.0,123.0,106.0,93,12.0,39.13711416346928,16,1,0,0,0,0,0,0.7073170731707317,0,1
38735190,18857709,AfricanAmerican,Male,[50-60),3,18,3,5,,Orthopedics,20,2,25,0,0,0,722,401,250,4,,Steady,No,No,No,No,No,No,No,No,No,No,No,No,No,No,No,No,Steady,No,No,No,No,No,Ch,Yes,NO,55,0,0,Other,11,121.0,2.631648447107501,13.882683751553216,8.588283893755579,61.0,141.0,103.5,90,15.0,39.34284838631389,27,5,1,0,0,0,0,0.4326241134751773,1,1
139844214,25126056,AfricanAmerican,Female,[50-60),1,1,7,6,MC,InternalMedicine,45,1,18,0,0,0,493,250.02,359,9,,Steady,No,No,No,No,No,No,No,No,No,No,No,No,No,No,No,No,Up,No,No,No,No,No,Ch,Yes,>30,55,0,0,Respiratory,8,74.0,2.2119109088449145,14.320658962235733,6.9840780938293126,92.0,97.0,79.0,94,14.0,39.50093376581224,17,1,1,0,0,0,0,0.9484536082474226,0,1
389685914,84476079,Caucasian,Male,[60-70),1,1,7,1,HM,,6,0,16,2,0,1,414,414,427,8,,No,No,No,No,No,No,No,Steady,No,No,No,No,No,No,No,No,No,No,No,No,No,No,No,No,Yes,>30,65,0,0,Circulatory,11,168.0,2.383831397101546,11.906646796189383,11.13158115226165,100.0,98.0,100.0,94,17.0,37.68771354403614,16,5,0,0,0,3,1,1.020408163265306,0,1
156861216,31564629,Caucasian,Male,[50-60),3,1,1,3,BC,Surgery-Thoracic,27,5,12,0,0,1,162,250,401,4,,Steady,No,No,No,No,No,Steady,No,No,No,Steady,No,No,No,No,No,No,Down,No,No,No,No,No,Ch,Yes,<30,55,0,1,Cancer,8,153.0,1.325028889987725,16.091769943475313,7.313989231160267,116.0,150.0,71.0,86,20.0,36.7797103853669,17,5,0,1,0,1,0,0.7733333333333333,1,1
58499796,788652,Caucasian,Male,[60-70),1,1,7,9,,InternalMedicine,72,0,19,0,0,0,491,250.02,428,9,,No,No,No,No,No,No,Steady,No,No,No,No,No,No,No,No,No,No,Steady,No,No,No,No,No,Ch,Yes,NO,65,0,0,Respiratory,23,143.0,3.2997957980656576,15.364296923298117,8.12786119098126,84.0,150.0,93.5,97,15.5,37.447247468502766,35,5,1,0,0,0,0,0.56,0,1
179752224,58780422,Caucasian,Male,[50-60),1,1,7,4,PO,,76,0,13,0,0,0,276,571,303,9,,No,No,No,No,No,No,No,No,No,No,No,No,No,No,No,No,No,Steady,No,No,No,No,No,No,Yes,NO,55,0,0,Other,11,86.0,2.638023519392372,15.206052768971638,4.934487366844845,62.0,176.0,69.0,97,22.0,37.31026553132536,6,1,0,0,0,0,0,0.3522727272727273,0,1
151497312,5429349,Caucasian,Male,[70-80),1,1,7,7,,InternalMedicine,52,0,17,0,0,0,453,250.02,599,9,,No,No,No,No,No,No,Up,Steady,No,Steady,No,No,No,No,No,No,No,Steady,No,No,No,No,No,Ch,Yes,NO,75,0,0,Circulatory,3,99.0,2.2702040476697096,15.4055814132152,7.692977845099896,119.0,148.0,92.0,87,18.0,38.75716413840025,17,3,1,0,0,0,0,0.8040540540540541,1,1
16002372,727740,AfricanAmerican,Female,[30-40),3,1,1,3,,InternalMedicine,44,1,9,0,0,1,730,250.7,41,6,,No,No,No,No,No,No,No,No,No,No,No,No,No,No,No,No,No,Steady,No,No,No,No,No,No,Yes,>30,35,0,0,Other,17,105.5,1.705517328252228,11.713820332256203,9.214315837526332,103.5,157.5,81.5,94,21.0,37.94545846942387,24,9,1,0,0,1,0,0.6571428571428571,0,1
130104042,96564816,AfricanAmerican,Female,[50-60),2,1,1,1,,InternalMedicine,10,0,18,0,0,0,278,250,401,9,,Steady,No,No,No,No,No,No,No,No,No,No,No,No,No,No,No,No,Steady,No,No,No,No,No,Ch,Yes,NO,55,0,0,Other,11,191.0,3.3779808541743783,12.579918459517522,6.009665186607265,98.0,168.0,105.0,98,15.0,39.17475596968157,18,3,0,0,0,0,0,0.5833333333333334,0,1
175164420,25414587,Caucasian,Female,[40-50),3,1,1,1,BC,Orthopedics-Reconstructive,26,6,20,0,0,0,726,726,716,6,,No,No,No,No,No,No,No,No,No,No,No,No,No,No,No,No,No,No,No,No,No,No,No,No,No,NO,45,0,0,Other,6,118.0,0.6480568576616113,15.964312625544428,7.758205794819279,99.0,178.0,64.0,93,15.0,39.55286461483927,16,2,1,0,0,0,0,0.5561797752808989,0,0
61551750,82026216,Caucasian,Female,[70-80),1,3,7,10,,Family/GeneralPractice,55,0,27,0,0,0,410,427,428,8,,No,No,No,No,No,No,No,No,No,No,No,No,No,No,No,No,No,Steady,No,No,No,No,No,No,Yes,NO,75,0,0,Circulatory,15,170.0,2.4875426036669093,14.603796058492604,9.053977751157156,80.5,108.5,118.0,89,17.5,37.33287381500054,11,8,1,0,0,0,0,0.7419354838709677,1,1
271672776,91324818,AfricanAmerican,Female,[70-80),1,3,7,3,MC,,1,2,8,0,0,0,562,112,295,9,,No,No,No,No,No,No,No,No,No,Steady,No,No,No,No,No,No,No,Steady,No,No,No,No,No,Ch,Yes,NO,75,0,0,Digestive,10,157.0,1.999624265992681,12.106611577434064,11.901086920577487,97.0,95.0,118.0,95,16.0,37.075532911363545,12,4,0,0,0,0,0,1.0210526315789474,0,1
68986044,37330695,Caucasian,Male,[80-90),1,3,7,9,,,68,1,25,0,1,0,38,599,250.82,8,,No,No,No,No,No,No,No,No,No,No,No,No,No,No,No,No,No,Up,No,No,No,No,No,Ch,Yes,>30,85,0,0,Other,15,143.0,2.1173341717080265,13.798759870272123,6.112476903070742,83.0,136.0,85.5,88,14.5,38.04758360195564,33,2,1,0,0,1,0,0.6102941176470589,1,1
42621186,4576716,AfricanAmerican,Male,[70-80),1,18,7,2,,Pediatrics,43,2,7,0,0,0,780,433,V12,5,>8,Up,No,No,No,No,No,No,No,No,No,No,No,No,No,No,No,No,No,No,No,No,No,No,Ch,Yes,>30,75,1,0,Other,20,113.0,3.3031831608691435,13.535236332350992,8.488350145325267,80.5,91.5,72.5,89,15.0,39.37029267969986,34,9,0,0,0,0,0,0.8797814207650273,1,1
111636036,90797328,Caucasian,Female,[80-90),1,6,7,6,CP,Emergency/Trauma,37,0,12,1,0,1,402,428,428,9,,No,No,No,No,No,No,No,No,No,No,No,No,No,No,No,No,No,Up,No,No,No,No,No,Ch,Yes,<30,85,0,1,Circulatory,22,120.5,2.899475653855955,14.30668329145498,7.758650893686271,77.0,143.0,87.5,89,17.5,37.0279733256644,24,7,1,1,0,2,0,0.5384615384615384,1,1
294290480,178345517,Caucasian,Male,[80-90),2,1,7,4,MC,Surgery-General,53,1,8,0,0,0,191,348,414,6,,No,No,No,No,No,No,No,No,No,No,No,No,No,No,No,No,No,Down,No,No,No,No,No,Ch,Yes,NO,85,0,0,Cancer,6,96.0,2.392026121129657,15.855764386982088,9.52237552798248,82.0,172.0,113.0,86,14.0,36.44517321939468,12,5,1,0,0,0,0,0.4767441860465116,1,1
171974916,81247797,Caucasian,Female,[80-90),1,3,7,5,MC,,56,1,19,0,0,0,507,599,250.82,9,Norm,No,No,No,No,No,No,No,No,No,No,No,No,No,No,No,No,No,Steady,No,No,No,No,No,No,Yes,>30,85,0,0,Respiratory,10,81.0,2.1916788771987203,15.134718039182944,6.741592163324542,85.0,119.0,87.0,86,21.0,39.32462016749461,7,1,1,0,0,0,0,0.7142857142857143,1,1
247047930,23441985,Caucasian,Male,[50-60),1,1,7,1,SP,InternalMedicine,61,2,7,0,1,0,151,535,530,9,,No,No,No,No,No,No,No,No,No,No,No,No,No,No,No,No,No,No,No,No,No,No,No,No,No,>30,55,0,0,Cancer,10,75.0,2.023584350690478,13.335674585725966,7.834028294813943,84.0,153.0,78.5,88,19.5,38.50033149426118,17,6,0,0,0,1,0,0.5490196078431373,1,1
258988884,44788266,Caucasian,Male,[80-90),2,3,7,11,MC,Emergency/Trauma,69,0,27,0,0,0,493,486,250,6,,No,No,No,No,Steady,No,No,No,No,No,No,No,No,No,No,No,No,Up,No,No,No,No,No,Ch,Yes,>30,85,0,0,Respiratory,9,178.0,3.28429719650294,13.073842096470186,9.94427407811293,115.0,111.0,119.0,88,13.0,38.36534351611711,15,1,0,0,0,0,0,1.036036036036036,1,1
